{
    "top_bir": "Cain_one",
    "top_iki": "Cain_two",
    "top_uc": "Cain_three",
    "kalp": "Cain_heart",
    "nocommand": "Cain_nocommand",
    "punish": "Cain_punish",
    "star": "Cain_star",
    "face": "Cain_face",
    "fire": "Cain_fire",
    "like": "Cain_like",
    "yes": "Cain_yes",
    "no": "Cain_no",
    "sifir": "Cain_sifir",
    "bir": "Cain_bir",
    "iki": "Cain_iki",
    "uc": "Cain_uc",
    "dort": "Cain_dort",
    "bes": "Cain_bes",
    "alti": "Cain_alti",
    "yedi": "Cain_yedi",
    "sekiz": "Cain_sekiz",
    "dokuz": "Cain_dokuz",
    "empty": "Cain_empty",
    "emptyEnd": "Cain_emptyEnd",
    "fillStart": "Cain_fillStart",
    "fill": "Cain_fill",
    "fillEnd": "Cain_fillEnd",
    "info": "Cain_info",
    "warn": "Cain_warn",
    "sagok": "Cain_sagok",
    "stat": "Cain_stat",
    "member": "Cain_member",
    "dislike": "Cain_dislike",
    "nokta": "Cain_nokta"
    }